Employee ID,First Name,Last Name,Email,Phone,Job Title,Department,Office Location,Manager Email,Hire Date,Skills,Bio,LinkedIn,Status
EMP001,Jennifer,Lee,jennifer.lee@company.com,+1-555-0101,VP of Engineering,Engineering,San Francisco - HQ,ceo@company.com,2018-03-15,"C#, .NET, Azure, Architecture, Team Leadership","Jennifer leads our engineering organization with 15+ years of software development experience. She specializes in cloud architecture and has successfully scaled engineering teams from 10 to 100+ people. Prior to joining, she was a Principal Engineer at Microsoft.",linkedin.com/in/jenniferlee,Active
EMP002,David,Kim,david.kim@company.com,+1-555-0102,Senior Software Engineer,Engineering,San Francisco - HQ,jennifer.lee@company.com,2019-06-01,"Python, JavaScript, React, Node.js, OAuth 2.0, API Design","David is a full-stack engineer with expertise in authentication systems and API design. He led the implementation of our OAuth 2.0 integration and regularly mentors junior developers. He holds a BS in Computer Science from Stanford.",linkedin.com/in/davidkim,Active
EMP003,Sarah,Johnson,sarah.johnson@company.com,+1-555-0103,Scrum Master,Engineering,San Francisco - HQ,jennifer.lee@company.com,2020-01-10,"Agile, Scrum, Jira, Team Facilitation, Project Management","Sarah is a certified Scrum Master (CSM) with 8 years of experience in agile methodologies. She facilitates sprint planning, daily standups, and retrospectives for our engineering teams. She's passionate about continuous improvement and team dynamics.",linkedin.com/in/sarahjohnson,Active
EMP004,Michael,Chen,michael.chen@company.com,+1-555-0104,Product Owner,Product,San Francisco - HQ,robert.martinez@company.com,2019-09-15,"Product Management, User Stories, Roadmapping, Stakeholder Management","Michael manages product roadmap and prioritization for our enterprise features. He has 10+ years of product management experience in SaaS companies. He works closely with engineering and customers to define requirements and measure success.",linkedin.com/in/michaelchen,Active
EMP005,Emily,Rodriguez,emily.rodriguez@company.com,+1-555-0105,QA Lead,Engineering,San Francisco - HQ,jennifer.lee@company.com,2020-05-01,"Test Automation, Selenium, Playwright, Performance Testing, Quality Assurance","Emily leads our QA function and has implemented comprehensive test automation frameworks. She has expertise in functional, regression, and performance testing. She holds ISTQB certification and has reduced bug escape rate by 60%.",linkedin.com/in/emilyrodriguez,Active
EMP006,Robert,Martinez,robert.martinez@company.com,+1-555-0106,VP of Product,Product,San Francisco - HQ,ceo@company.com,2017-11-20,"Product Strategy, Market Analysis, Customer Development, OKRs","Robert leads product strategy and roadmap for the company. He has 18 years of experience in enterprise software and has launched multiple successful SaaS products. He's data-driven and customer-obsessed, regularly conducting customer interviews.",linkedin.com/in/robertmartinez,Active
EMP007,Lisa,Park,lisa.park@company.com,+1-555-0107,Database Administrator,IT,San Francisco - HQ,amanda.foster@company.com,2019-02-14,"SQL Server, PostgreSQL, MySQL, Database Performance, Backup/Recovery","Lisa manages our database infrastructure and ensures high availability and performance. She has 12 years of DBA experience and specializes in database optimization, replication, and disaster recovery planning.",linkedin.com/in/lisapark,Active
EMP008,Amanda,Foster,amanda.foster@company.com,+1-555-0108,IT Director,IT,San Francisco - HQ,cfo@company.com,2018-07-01,"IT Infrastructure, Cloud Architecture, Vendor Management, IT Security","Amanda oversees all IT operations including infrastructure, security, and vendor relationships. She led our cloud migration to Azure and manages our $2M IT budget. She holds CISSP and ITIL certifications.",linkedin.com/in/amandafoster,Active
EMP009,Tom,Wilson,tom.wilson@company.com,+1-555-0109,Software Engineer,Engineering,Austin - Remote,jennifer.lee@company.com,2021-03-10,"Java, Spring Boot, Microservices, Docker, Kubernetes","Tom is a backend engineer specializing in microservices architecture. He recently fixed critical database connection pooling issues and contributes to our technical blog. He has 7 years of Java development experience.",linkedin.com/in/tomwilson,Active
EMP010,Maria,Garcia,maria.garcia@company.com,+1-555-0110,Software Engineer,Engineering,New York - Office,jennifer.lee@company.com,2021-08-15,"JavaScript, TypeScript, React, UI/UX, Accessibility","Maria is a frontend engineer passionate about user experience and accessibility. She's currently working on OAuth 2.0 UI components and advocates for WCAG compliance. She has a background in graphic design and development.",linkedin.com/in/mariagarcia,Active
EMP011,Rachel,Foster,rachel.foster@company.com,+1-555-0111,Solutions Architect,Engineering,San Francisco - HQ,jennifer.lee@company.com,2018-05-20,"Azure, AWS, System Design, Enterprise Architecture, MSAL","Rachel designs technical solutions for enterprise customers and leads architecture reviews. She has 14 years of experience in enterprise software and cloud platforms. She's our go-to expert for authentication and security architecture.",linkedin.com/in/rachelfoster,Active
EMP012,Carlos,Rodriguez,carlos.rodriguez@company.com,+1-555-0112,DevOps Engineer,Engineering,Austin - Remote,jennifer.lee@company.com,2020-11-01,"CI/CD, Azure DevOps, GitHub Actions, Terraform, Kubernetes","Carlos manages our CI/CD pipelines and infrastructure as code. He automated our deployment process reducing deployment time from 2 hours to 15 minutes. He's an advocate for DevOps culture and continuous delivery.",linkedin.com/in/carlosrodriguez,Active
EMP013,Jake,Morrison,jake.morrison@company.com,+1-555-0113,Software Engineer,Engineering,Seattle - Remote,jennifer.lee@company.com,2021-06-01,"Python, Data Engineering, ETL, Airflow, Spark","Jake focuses on data engineering and pipeline development. He's currently evaluating Playwright for end-to-end testing. He has experience with big data technologies and data warehouse design. He holds a MS in Data Science.",linkedin.com/in/jakemorrison,Active
EMP014,Alex,Thompson,alex.thompson@company.com,+1-555-0114,Security Architect,IT,San Francisco - HQ,amanda.foster@company.com,2019-07-15,"Cybersecurity, Penetration Testing, Security Compliance, CISSP","Alex leads our security program and ensures compliance with SOC 2, ISO 27001, and PCI-DSS. He conducts security assessments of vendors and leads incident response. He has 15 years of information security experience.",linkedin.com/in/alexthompson,Active
EMP015,Michael,Foster,michael.foster@company.com,+1-555-0115,Chief Financial Officer,Finance,San Francisco - HQ,ceo@company.com,2017-01-10,"Financial Planning, FP&A, SOX Compliance, M&A, Budget Management","Michael oversees all financial operations including accounting, FP&A, and investor relations. He led our Series B fundraising ($50M) and manages relationships with board and investors. He's a CPA with MBA from Harvard.",linkedin.com/in/michaelfoster,Active
EMP016,Sarah,Martinez,sarah.martinez@company.com,+1-555-0116,VP of Marketing,Marketing,San Francisco - HQ,ceo@company.com,2018-09-01,"Marketing Strategy, Demand Generation, Brand Management, Analytics","Sarah leads marketing strategy and execution across all channels. She has 12 years of B2B SaaS marketing experience and has driven 300% growth in qualified leads. She's data-driven and focuses on marketing ROI.",linkedin.com/in/sarahmartinez,Active
EMP017,John,Stevens,john.stevens@company.com,+1-555-0117,VP of Sales,Sales,San Francisco - HQ,ceo@company.com,2017-06-15,"Enterprise Sales, Sales Management, Salesforce, Negotiation, Account Management","John leads the sales organization and has closed $15M+ in ARR. He specializes in enterprise sales and has relationships with Fortune 500 accounts. He's a results-oriented leader with 20 years of software sales experience.",linkedin.com/in/johnstevens,Active
EMP018,Jennifer,Williams,jennifer.williams@company.com,+1-555-0118,General Counsel,Legal,San Francisco - HQ,ceo@company.com,2018-04-01,"Corporate Law, Contracts, Compliance, Privacy, Intellectual Property","Jennifer oversees all legal matters including contracts, compliance, and risk management. She ensures GDPR, CCPA, and SOX compliance. She has 16 years of in-house counsel experience and previously worked at a top law firm.",linkedin.com/in/jenniferwilliams,Active
EMP019,Mark,Johnson,mark.johnson@company.com,+1-555-0119,Customer Success Manager,Customer Success,San Francisco - HQ,lisa.thompson@company.com,2020-02-01,"Account Management, Customer Onboarding, Retention, Salesforce, Customer Training","Mark manages enterprise customer accounts and ensures successful adoption. He has a 95% customer retention rate and regularly conducts business reviews with customers. He's passionate about customer success and building relationships.",linkedin.com/in/markjohnson,Active
EMP020,Lisa,Thompson,lisa.thompson@company.com,+1-555-0120,VP of Customer Success,Customer Success,San Francisco - HQ,ceo@company.com,2017-08-15,"Customer Success Strategy, Onboarding, Retention, NPS, Customer Health","Lisa leads customer success organization and has improved NPS from 45 to 72. She has 14 years of customer success experience in SaaS companies. She's focused on customer health, expansion revenue, and reducing churn.",linkedin.com/in/lisathompson,Active
EMP021,Emily,Chen,emily.chen@company.com,+1-555-0121,Technical Lead,Engineering,San Francisco - HQ,jennifer.lee@company.com,2019-04-01,"System Design, Code Review, Mentorship, Scalability, Performance Optimization","Emily is a technical lead overseeing multiple engineering teams. She provides technical direction and ensures code quality through reviews. She has 11 years of development experience and specializes in building scalable systems.",linkedin.com/in/emilychen,Active
EMP022,Daniel,Brooks,daniel.brooks@company.com,+1-555-0122,Senior Product Manager,Product,Boston - Remote,robert.martinez@company.com,2020-07-15,"Product Management, Analytics, A/B Testing, User Research, SQL","Daniel manages product features and conducts data-driven experimentation. He uses A/B testing and analytics to optimize product metrics. He has 9 years of product management experience and holds an MBA from MIT Sloan.",linkedin.com/in/danielbrooks,Active
EMP023,Sophia,Anderson,sophia.anderson@company.com,+1-555-0123,UX Designer,Product,New York - Office,robert.martinez@company.com,2021-01-15,"User Experience, UI Design, Figma, User Research, Prototyping","Sophia designs user interfaces and conducts user research to inform product decisions. She has 6 years of UX design experience and specializes in enterprise software. She's passionate about creating intuitive and accessible designs.",linkedin.com/in/sophiaanderson,Active
EMP024,Christopher,Davis,christopher.davis@company.com,+1-555-0124,Security Engineer,IT,Austin - Remote,alex.thompson@company.com,2021-09-01,"Application Security, Vulnerability Assessment, SIEM, Incident Response","Christopher focuses on application security and vulnerability management. He conducts security code reviews and penetration tests. He has 5 years of security engineering experience and holds CEH certification.",linkedin.com/in/christopherdavis,Active
EMP025,Olivia,Martinez,olivia.martinez@company.com,+1-555-0125,HR Business Partner,Human Resources,San Francisco - HQ,hr-director@company.com,2019-12-01,"Talent Management, Employee Relations, Performance Management, Coaching","Olivia partners with business leaders on talent strategy and organizational development. She manages employee relations and performance management processes. She has 10 years of HR experience and holds SHRM-CP certification.",linkedin.com/in/oliviamartinez,Active
EMP026,Ethan,White,ethan.white@company.com,+1-555-0126,Marketing Manager,Marketing,San Francisco - HQ,sarah.martinez@company.com,2020-10-15,"Content Marketing, SEO, Marketing Automation, HubSpot, Copywriting","Ethan manages content marketing and SEO strategy. He has increased organic traffic by 250% and manages our blog, whitepapers, and case studies. He has 7 years of content marketing experience in B2B SaaS.",linkedin.com/in/ethanwhite,Active
EMP027,Ava,Wilson,ava.wilson@company.com,+1-555-0127,Sales Development Representative,Sales,Chicago - Remote,john.stevens@company.com,2022-03-01,"Prospecting, Cold Calling, Email Outreach, Salesforce, Lead Qualification","Ava generates qualified leads for the sales team through outbound prospecting. She has exceeded quota for 3 consecutive quarters and has strong communication skills. She's passionate about technology sales and career growth.",linkedin.com/in/avawilson,Active
EMP028,Noah,Taylor,noah.taylor@company.com,+1-555-0128,Account Executive,Sales,San Francisco - HQ,john.stevens@company.com,2021-05-01,"Solution Selling, Demos, Proposal Development, Negotiation, Closing","Noah sells to mid-market accounts and has closed 40+ deals totaling $3M ARR. He's skilled at discovery, solution positioning, and negotiations. He has 6 years of software sales experience and consistently exceeds quota.",linkedin.com/in/noahtaylor,Active
EMP029,Emma,Harris,emma.harris@company.com,+1-555-0129,Support Engineer,Customer Success,New York - Office,lisa.thompson@company.com,2022-01-15,"Technical Support, Troubleshooting, Customer Communication, SQL, APIs","Emma provides technical support to customers and resolves product issues. She has a 98% customer satisfaction rating and documents solutions in the knowledge base. She has strong technical and communication skills.",linkedin.com/in/emmaharris,Active
EMP030,Liam,Clark,liam.clark@company.com,+1-555-0130,Financial Analyst,Finance,San Francisco - HQ,michael.foster@company.com,2021-11-01,"Financial Modeling, Excel, SQL, Data Analysis, Reporting","Liam supports FP&A activities including budgeting, forecasting, and financial analysis. He builds financial models and provides insights to leadership. He has 4 years of finance experience and is pursuing CFA certification.",linkedin.com/in/liamclark,Active
EMP031,Isabella,Lewis,isabella.lewis@company.com,+1-555-0131,Accountant,Finance,San Francisco - HQ,michael.foster@company.com,2020-06-01,"General Ledger, Month-End Close, Revenue Recognition, NetSuite, Reconciliation","Isabella manages general ledger accounting and month-end close process. She ensures compliance with revenue recognition standards (ASC 606) and supports SOX audits. She's a CPA with 8 years of accounting experience.",linkedin.com/in/isabellalewis,Active
EMP032,Mason,Walker,mason.walker@company.com,+1-555-0132,Data Analyst,Product,San Francisco - HQ,robert.martinez@company.com,2021-07-15,"SQL, Python, Tableau, Data Visualization, Statistical Analysis","Mason analyzes product usage data and creates dashboards for decision-making. He provides insights on user behavior, feature adoption, and churn. He has 5 years of data analysis experience and holds a MS in Statistics.",linkedin.com/in/masonwalker,Active
EMP033,Charlotte,Hall,charlotte.hall@company.com,+1-555-0133,Technical Writer,Product,Austin - Remote,robert.martinez@company.com,2022-02-01,"Technical Writing, Documentation, API Documentation, Knowledge Management","Charlotte creates product documentation, help articles, and API references. She has 6 years of technical writing experience in software companies. She's skilled at translating complex technical concepts into clear documentation.",linkedin.com/in/charlottehall,Active
EMP034,Elijah,Young,elijah.young@company.com,+1-555-0134,IT Support Specialist,IT,San Francisco - HQ,amanda.foster@company.com,2021-10-01,"Help Desk, Desktop Support, Active Directory, Microsoft 365, Troubleshooting","Elijah provides IT support to employees including laptop setup, software installation, and troubleshooting. He has 4 years of IT support experience and holds A+ and Network+ certifications. He's known for excellent customer service.",linkedin.com/in/elijahyoung,Active
EMP035,Amelia,King,amelia.king@company.com,+1-555-0135,Recruiter,Human Resources,San Francisco - HQ,hr-director@company.com,2020-09-15,"Recruiting, Interviewing, Candidate Sourcing, LinkedIn Recruiter, ATS","Amelia recruits for engineering and sales roles. She has filled 50+ positions with 92% hiring manager satisfaction. She has 7 years of technical recruiting experience and specializes in sourcing passive candidates.",linkedin.com/in/ameliaking,Active
EMP036,James,Wright,james.wright@company.com,+1-555-0136,Business Development Manager,Sales,San Francisco - HQ,john.stevens@company.com,2019-11-01,"Partnership Development, Channel Sales, Contract Negotiation, Strategic Alliances","James develops strategic partnerships and channel relationships. He has signed 15+ partnerships generating $5M in pipeline. He has 10 years of business development experience in technology companies.",linkedin.com/in/jameswright,Active
EMP037,Mia,Lopez,mia.lopez@company.com,+1-555-0137,Product Marketing Manager,Marketing,San Francisco - HQ,sarah.martinez@company.com,2020-08-01,"Product Marketing, Go-to-Market, Competitive Analysis, Sales Enablement, Messaging","Mia leads product marketing and go-to-market strategy for new features. She creates sales collateral, conducts competitive analysis, and positions products. She has 8 years of product marketing experience in enterprise software.",linkedin.com/in/mialopez,Active
EMP038,Lucas,Hill,lucas.hill@company.com,+1-555-0138,Systems Administrator,IT,Austin - Remote,amanda.foster@company.com,2021-04-15,"Linux, Windows Server, Networking, VMware, Bash Scripting","Lucas manages servers and infrastructure ensuring high availability. He automated server provisioning reducing setup time from 4 hours to 20 minutes. He has 9 years of systems administration experience.",linkedin.com/in/lucashill,Active
EMP039,Harper,Green,harper.green@company.com,+1-555-0139,Office Manager,Operations,San Francisco - HQ,cfo@company.com,2019-05-01,"Office Management, Event Planning, Vendor Management, Employee Experience","Harper manages office operations including facilities, supplies, and events. She plans company events and ensures a great employee experience. She has 12 years of office management experience and is detail-oriented.",linkedin.com/in/harpergreen,Active
EMP040,Benjamin,Adams,benjamin.adams@company.com,+1-555-0140,Chief Executive Officer,Executive,San Francisco - HQ,board@company.com,2016-01-01,"Executive Leadership, Strategy, Fundraising, Board Management, Vision","Benjamin is the founder and CEO with a vision to transform how businesses operate. He has raised $75M in funding and grown the company from 5 to 150+ employees. He's a strategic thinker with 25+ years of technology experience.",linkedin.com/in/benjaminadams,Active
